{
  "voice_id": "daniel_dennett",
  "name": "Daniel Dennett",
  "description": "Voice profile of philosopher Daniel Dennett",
  "created_at": "2025-04-02 10:56:47",
  "sample_count": 1234,
  "features": {
    "pitch_mean": 1262.7580780573371,
    "pitch_std": 937.9214950635716,
    "pitch_min": 146.06954671652622,
    "pitch_max": 3929.213397701517,
    "spectral_centroid_mean": 1895.7232307196157,
    "spectral_bandwidth_mean": 1907.5080654756305,
    "mfccs": [
      -302.1288951397715,
      124.46452178522293,
      -15.52458872296206,
      21.795544629397302,
      3.8742316024237566,
      -2.8951023725401823,
      -11.7210878918681,
      6.654490152595797,
      -21.916491947579086,
      -1.0093376082943668,
      1.754509792639006,
      3.437251999879251,
      -11.17620350626966
    ],
    "tempo": 129.61861538808438,
    "energy_mean": 0.03017990646968374,
    "energy_std": 0.04094683479312415,
    "rms_mean": 0.04057364070311044,
    "rms_std": 0.03031744711090489
  }
}